date,county,state,fips,cases,deaths
2020-03-17,Douglas,Kansas,20045.0,1,0.0
2020-03-18,Douglas,Kansas,20045.0,1,0.0
2020-03-19,Douglas,Kansas,20045.0,1,0.0
2020-03-20,Douglas,Kansas,20045.0,1,0.0
2020-03-21,Douglas,Kansas,20045.0,3,0.0
2020-03-22,Douglas,Kansas,20045.0,4,0.0
2020-03-23,Douglas,Kansas,20045.0,6,0.0
2020-03-24,Douglas,Kansas,20045.0,6,0.0
2020-03-25,Douglas,Kansas,20045.0,10,0.0
2020-03-26,Douglas,Kansas,20045.0,13,0.0
2020-03-27,Douglas,Kansas,20045.0,18,0.0
2020-03-28,Douglas,Kansas,20045.0,23,0.0
2020-03-29,Douglas,Kansas,20045.0,23,0.0
2020-03-30,Douglas,Kansas,20045.0,23,0.0
2020-03-31,Douglas,Kansas,20045.0,24,0.0
2020-04-01,Douglas,Kansas,20045.0,30,0.0
2020-04-02,Douglas,Kansas,20045.0,31,0.0
2020-04-03,Douglas,Kansas,20045.0,31,0.0
2020-04-04,Douglas,Kansas,20045.0,32,0.0
2020-04-05,Douglas,Kansas,20045.0,33,0.0
2020-04-06,Douglas,Kansas,20045.0,36,0.0
2020-04-07,Douglas,Kansas,20045.0,38,0.0
2020-04-08,Douglas,Kansas,20045.0,38,0.0
2020-04-09,Douglas,Kansas,20045.0,38,0.0
2020-04-10,Douglas,Kansas,20045.0,39,0.0
2020-04-11,Douglas,Kansas,20045.0,39,0.0
2020-04-12,Douglas,Kansas,20045.0,39,0.0
2020-04-13,Douglas,Kansas,20045.0,40,0.0
2020-04-14,Douglas,Kansas,20045.0,40,0.0
2020-04-15,Douglas,Kansas,20045.0,41,0.0
2020-04-16,Douglas,Kansas,20045.0,42,0.0
2020-04-17,Douglas,Kansas,20045.0,42,0.0
2020-04-18,Douglas,Kansas,20045.0,43,0.0
2020-04-19,Douglas,Kansas,20045.0,43,0.0
2020-04-20,Douglas,Kansas,20045.0,43,0.0
2020-04-21,Douglas,Kansas,20045.0,43,0.0
2020-04-22,Douglas,Kansas,20045.0,43,0.0
2020-04-23,Douglas,Kansas,20045.0,44,0.0
2020-04-24,Douglas,Kansas,20045.0,46,0.0
2020-04-25,Douglas,Kansas,20045.0,48,0.0
2020-04-26,Douglas,Kansas,20045.0,48,0.0
2020-04-27,Douglas,Kansas,20045.0,49,0.0
2020-04-28,Douglas,Kansas,20045.0,49,0.0
2020-04-29,Douglas,Kansas,20045.0,49,0.0
2020-04-30,Douglas,Kansas,20045.0,50,0.0
2020-05-01,Douglas,Kansas,20045.0,51,0.0
2020-05-02,Douglas,Kansas,20045.0,51,0.0
2020-05-03,Douglas,Kansas,20045.0,51,0.0
2020-05-04,Douglas,Kansas,20045.0,51,0.0
2020-05-05,Douglas,Kansas,20045.0,51,0.0
2020-05-06,Douglas,Kansas,20045.0,56,0.0
2020-05-07,Douglas,Kansas,20045.0,56,0.0
2020-05-08,Douglas,Kansas,20045.0,56,0.0
2020-05-09,Douglas,Kansas,20045.0,56,0.0
2020-05-10,Douglas,Kansas,20045.0,56,0.0
2020-05-11,Douglas,Kansas,20045.0,57,0.0
2020-05-12,Douglas,Kansas,20045.0,58,0.0
2020-05-13,Douglas,Kansas,20045.0,58,0.0
2020-05-14,Douglas,Kansas,20045.0,58,0.0
2020-05-15,Douglas,Kansas,20045.0,58,0.0
2020-05-16,Douglas,Kansas,20045.0,60,0.0
2020-05-17,Douglas,Kansas,20045.0,60,0.0
2020-05-18,Douglas,Kansas,20045.0,61,0.0
2020-05-19,Douglas,Kansas,20045.0,62,0.0
2020-05-20,Douglas,Kansas,20045.0,62,0.0
2020-05-21,Douglas,Kansas,20045.0,62,0.0
2020-05-22,Douglas,Kansas,20045.0,63,0.0
2020-05-23,Douglas,Kansas,20045.0,63,0.0
2020-05-24,Douglas,Kansas,20045.0,63,0.0
2020-05-25,Douglas,Kansas,20045.0,63,0.0
2020-05-26,Douglas,Kansas,20045.0,63,0.0
2020-05-27,Douglas,Kansas,20045.0,63,0.0
2020-05-28,Douglas,Kansas,20045.0,65,0.0
2020-05-29,Douglas,Kansas,20045.0,66,0.0
2020-05-30,Douglas,Kansas,20045.0,66,0.0
2020-05-31,Douglas,Kansas,20045.0,66,0.0
2020-06-01,Douglas,Kansas,20045.0,67,0.0
2020-06-02,Douglas,Kansas,20045.0,67,0.0
2020-06-03,Douglas,Kansas,20045.0,67,0.0
2020-06-04,Douglas,Kansas,20045.0,69,0.0
2020-06-05,Douglas,Kansas,20045.0,70,0.0
2020-06-06,Douglas,Kansas,20045.0,70,0.0
2020-06-07,Douglas,Kansas,20045.0,70,0.0
2020-06-08,Douglas,Kansas,20045.0,74,0.0
2020-06-09,Douglas,Kansas,20045.0,74,0.0
2020-06-10,Douglas,Kansas,20045.0,78,0.0
2020-06-11,Douglas,Kansas,20045.0,78,0.0
2020-06-12,Douglas,Kansas,20045.0,82,0.0
2020-06-13,Douglas,Kansas,20045.0,82,0.0
2020-06-14,Douglas,Kansas,20045.0,82,0.0
2020-06-15,Douglas,Kansas,20045.0,85,0.0
2020-06-16,Douglas,Kansas,20045.0,85,0.0
2020-06-17,Douglas,Kansas,20045.0,88,0.0
2020-06-18,Douglas,Kansas,20045.0,88,0.0
2020-06-19,Douglas,Kansas,20045.0,93,0.0
2020-06-20,Douglas,Kansas,20045.0,93,0.0
2020-06-21,Douglas,Kansas,20045.0,93,0.0
2020-06-22,Douglas,Kansas,20045.0,103,0.0
2020-06-23,Douglas,Kansas,20045.0,103,0.0
2020-06-24,Douglas,Kansas,20045.0,106,0.0
2020-06-25,Douglas,Kansas,20045.0,106,0.0
2020-06-26,Douglas,Kansas,20045.0,124,0.0
2020-06-27,Douglas,Kansas,20045.0,124,0.0
2020-06-28,Douglas,Kansas,20045.0,124,0.0
2020-06-29,Douglas,Kansas,20045.0,159,0.0
2020-06-30,Douglas,Kansas,20045.0,159,0.0
2020-07-01,Douglas,Kansas,20045.0,188,0.0
2020-07-02,Douglas,Kansas,20045.0,190,0.0
2020-07-03,Douglas,Kansas,20045.0,251,0.0
2020-07-04,Douglas,Kansas,20045.0,251,0.0
2020-07-05,Douglas,Kansas,20045.0,251,0.0
2020-07-06,Douglas,Kansas,20045.0,354,0.0
2020-07-07,Douglas,Kansas,20045.0,354,0.0
2020-07-08,Douglas,Kansas,20045.0,377,0.0
2020-07-09,Douglas,Kansas,20045.0,377,0.0
2020-07-10,Douglas,Kansas,20045.0,415,0.0
2020-07-11,Douglas,Kansas,20045.0,415,0.0
2020-07-12,Douglas,Kansas,20045.0,415,0.0
2020-07-13,Douglas,Kansas,20045.0,456,0.0
2020-07-14,Douglas,Kansas,20045.0,456,0.0
2020-07-15,Douglas,Kansas,20045.0,490,0.0
2020-07-16,Douglas,Kansas,20045.0,490,0.0
2020-07-17,Douglas,Kansas,20045.0,504,0.0
2020-07-18,Douglas,Kansas,20045.0,504,0.0
2020-07-19,Douglas,Kansas,20045.0,504,0.0
2020-07-20,Douglas,Kansas,20045.0,537,0.0
2020-07-21,Douglas,Kansas,20045.0,537,0.0
2020-07-22,Douglas,Kansas,20045.0,552,2.0
2020-07-23,Douglas,Kansas,20045.0,561,2.0
2020-07-24,Douglas,Kansas,20045.0,597,2.0
2020-07-25,Douglas,Kansas,20045.0,597,2.0
2020-07-26,Douglas,Kansas,20045.0,597,2.0
2020-07-27,Douglas,Kansas,20045.0,616,2.0
2020-07-28,Douglas,Kansas,20045.0,616,2.0
2020-07-29,Douglas,Kansas,20045.0,632,3.0
2020-07-30,Douglas,Kansas,20045.0,635,3.0
2020-07-31,Douglas,Kansas,20045.0,663,3.0
2020-08-01,Douglas,Kansas,20045.0,663,3.0
2020-08-02,Douglas,Kansas,20045.0,663,3.0
2020-08-03,Douglas,Kansas,20045.0,685,4.0
2020-08-04,Douglas,Kansas,20045.0,685,4.0
2020-08-05,Douglas,Kansas,20045.0,700,5.0
2020-08-06,Douglas,Kansas,20045.0,700,5.0
2020-08-07,Douglas,Kansas,20045.0,717,5.0
2020-08-08,Douglas,Kansas,20045.0,717,5.0
2020-08-09,Douglas,Kansas,20045.0,717,5.0
2020-08-10,Douglas,Kansas,20045.0,746,5.0
2020-08-11,Douglas,Kansas,20045.0,750,5.0
2020-08-12,Douglas,Kansas,20045.0,765,5.0
2020-08-13,Douglas,Kansas,20045.0,783,5.0
2020-08-14,Douglas,Kansas,20045.0,812,5.0
2020-08-15,Douglas,Kansas,20045.0,812,5.0
2020-08-16,Douglas,Kansas,20045.0,812,5.0
2020-08-17,Douglas,Kansas,20045.0,836,5.0
2020-08-18,Douglas,Kansas,20045.0,844,5.0
2020-08-19,Douglas,Kansas,20045.0,858,5.0
2020-08-20,Douglas,Kansas,20045.0,870,5.0
2020-08-21,Douglas,Kansas,20045.0,889,8.0
2020-08-22,Douglas,Kansas,20045.0,889,8.0
2020-08-23,Douglas,Kansas,20045.0,889,8.0
2020-08-24,Douglas,Kansas,20045.0,1017,8.0
2020-08-25,Douglas,Kansas,20045.0,1037,8.0
2020-08-26,Douglas,Kansas,20045.0,1196,8.0
2020-08-27,Douglas,Kansas,20045.0,1261,8.0
2020-08-28,Douglas,Kansas,20045.0,1303,8.0
2020-08-29,Douglas,Kansas,20045.0,1303,8.0
2020-08-30,Douglas,Kansas,20045.0,1303,8.0
2020-08-31,Douglas,Kansas,20045.0,1375,8.0
2020-09-01,Douglas,Kansas,20045.0,1420,8.0
2020-09-02,Douglas,Kansas,20045.0,1473,8.0
2020-09-03,Douglas,Kansas,20045.0,1508,9.0
2020-09-04,Douglas,Kansas,20045.0,1566,9.0
2020-09-05,Douglas,Kansas,20045.0,1566,9.0
2020-09-06,Douglas,Kansas,20045.0,1566,9.0
2020-09-07,Douglas,Kansas,20045.0,1600,9.0
2020-09-08,Douglas,Kansas,20045.0,1739,9.0
2020-09-09,Douglas,Kansas,20045.0,1772,9.0
2020-09-10,Douglas,Kansas,20045.0,1792,9.0
2020-09-11,Douglas,Kansas,20045.0,1823,10.0
2020-09-12,Douglas,Kansas,20045.0,1823,10.0
2020-09-13,Douglas,Kansas,20045.0,1823,10.0
2020-09-14,Douglas,Kansas,20045.0,1895,10.0
2020-09-15,Douglas,Kansas,20045.0,1935,10.0
2020-09-16,Douglas,Kansas,20045.0,1952,10.0
2020-09-17,Douglas,Kansas,20045.0,1968,10.0
2020-09-18,Douglas,Kansas,20045.0,1996,10.0
2020-09-19,Douglas,Kansas,20045.0,1996,10.0
2020-09-20,Douglas,Kansas,20045.0,1996,10.0
2020-09-21,Douglas,Kansas,20045.0,2084,10.0
2020-09-22,Douglas,Kansas,20045.0,2118,10.0
2020-09-23,Douglas,Kansas,20045.0,2135,10.0
2020-09-24,Douglas,Kansas,20045.0,2149,10.0
2020-09-25,Douglas,Kansas,20045.0,2174,10.0
2020-09-26,Douglas,Kansas,20045.0,2174,10.0
2020-09-27,Douglas,Kansas,20045.0,2174,10.0
2020-09-28,Douglas,Kansas,20045.0,2283,10.0
2020-09-29,Douglas,Kansas,20045.0,2309,10.0
2020-09-30,Douglas,Kansas,20045.0,2340,13.0
2020-10-01,Douglas,Kansas,20045.0,2391,13.0
2020-10-02,Douglas,Kansas,20045.0,2411,13.0
2020-10-03,Douglas,Kansas,20045.0,2411,13.0
2020-10-04,Douglas,Kansas,20045.0,2411,13.0
2020-10-05,Douglas,Kansas,20045.0,2411,13.0
2020-10-06,Douglas,Kansas,20045.0,2476,13.0
2020-10-07,Douglas,Kansas,20045.0,2495,14.0
2020-10-08,Douglas,Kansas,20045.0,2524,14.0
2020-10-09,Douglas,Kansas,20045.0,2573,14.0
2020-10-10,Douglas,Kansas,20045.0,2573,14.0
2020-10-11,Douglas,Kansas,20045.0,2573,14.0
2020-10-12,Douglas,Kansas,20045.0,2625,14.0
2020-10-13,Douglas,Kansas,20045.0,2642,14.0
2020-10-14,Douglas,Kansas,20045.0,2660,14.0
2020-10-15,Douglas,Kansas,20045.0,2681,14.0
2020-10-16,Douglas,Kansas,20045.0,2689,15.0
2020-10-17,Douglas,Kansas,20045.0,2689,15.0
2020-10-18,Douglas,Kansas,20045.0,2689,15.0
2020-10-19,Douglas,Kansas,20045.0,2740,15.0
2020-10-20,Douglas,Kansas,20045.0,2753,17.0
2020-10-21,Douglas,Kansas,20045.0,2766,17.0
2020-10-22,Douglas,Kansas,20045.0,2784,17.0
2020-10-23,Douglas,Kansas,20045.0,2796,17.0
2020-10-24,Douglas,Kansas,20045.0,2796,17.0
2020-10-25,Douglas,Kansas,20045.0,2796,17.0
2020-10-26,Douglas,Kansas,20045.0,2839,18.0
2020-10-27,Douglas,Kansas,20045.0,2877,18.0
2020-10-28,Douglas,Kansas,20045.0,2898,19.0
2020-10-29,Douglas,Kansas,20045.0,2927,19.0
2020-10-30,Douglas,Kansas,20045.0,2961,19.0
2020-10-31,Douglas,Kansas,20045.0,2961,19.0
2020-11-01,Douglas,Kansas,20045.0,2961,19.0
2020-11-02,Douglas,Kansas,20045.0,3027,19.0
2020-11-03,Douglas,Kansas,20045.0,3051,19.0
2020-11-04,Douglas,Kansas,20045.0,3116,19.0
2020-11-05,Douglas,Kansas,20045.0,3196,19.0
2020-11-06,Douglas,Kansas,20045.0,3275,19.0
2020-11-07,Douglas,Kansas,20045.0,3275,19.0
2020-11-08,Douglas,Kansas,20045.0,3275,19.0
2020-11-09,Douglas,Kansas,20045.0,3397,19.0
2020-11-10,Douglas,Kansas,20045.0,3461,19.0
2020-11-11,Douglas,Kansas,20045.0,3524,19.0
2020-11-12,Douglas,Kansas,20045.0,3636,19.0
2020-11-13,Douglas,Kansas,20045.0,3724,19.0
2020-11-14,Douglas,Kansas,20045.0,3724,19.0
2020-11-15,Douglas,Kansas,20045.0,3724,19.0
2020-11-16,Douglas,Kansas,20045.0,3909,20.0
2020-11-17,Douglas,Kansas,20045.0,3979,20.0
2020-11-18,Douglas,Kansas,20045.0,4035,20.0
2020-11-19,Douglas,Kansas,20045.0,4104,20.0
2020-11-20,Douglas,Kansas,20045.0,4226,20.0
2020-11-21,Douglas,Kansas,20045.0,4226,20.0
2020-11-22,Douglas,Kansas,20045.0,4226,20.0
2020-11-23,Douglas,Kansas,20045.0,4448,22.0
2020-11-24,Douglas,Kansas,20045.0,4551,22.0
2020-11-25,Douglas,Kansas,20045.0,4644,22.0
2020-11-26,Douglas,Kansas,20045.0,4644,22.0
2020-11-27,Douglas,Kansas,20045.0,4644,22.0
2020-11-28,Douglas,Kansas,20045.0,4644,22.0
2020-11-29,Douglas,Kansas,20045.0,4644,22.0
2020-11-30,Douglas,Kansas,20045.0,4880,25.0
2020-12-01,Douglas,Kansas,20045.0,4928,26.0
2020-12-02,Douglas,Kansas,20045.0,4968,27.0
2020-12-03,Douglas,Kansas,20045.0,5033,27.0
2020-12-04,Douglas,Kansas,20045.0,5113,27.0
2020-12-05,Douglas,Kansas,20045.0,5113,27.0
2020-12-06,Douglas,Kansas,20045.0,5113,27.0
2020-12-07,Douglas,Kansas,20045.0,5283,28.0
2020-12-08,Douglas,Kansas,20045.0,5326,29.0
2020-12-09,Douglas,Kansas,20045.0,5392,29.0
2020-12-10,Douglas,Kansas,20045.0,5462,29.0
2020-12-11,Douglas,Kansas,20045.0,5512,29.0
2020-12-12,Douglas,Kansas,20045.0,5512,29.0
2020-12-13,Douglas,Kansas,20045.0,5512,29.0
2020-12-14,Douglas,Kansas,20045.0,5562,30.0
2020-12-15,Douglas,Kansas,20045.0,5632,30.0
2020-12-16,Douglas,Kansas,20045.0,5740,31.0
2020-12-17,Douglas,Kansas,20045.0,5797,31.0
2020-12-18,Douglas,Kansas,20045.0,5859,31.0
2020-12-19,Douglas,Kansas,20045.0,5859,31.0
2020-12-20,Douglas,Kansas,20045.0,5859,31.0
2020-12-21,Douglas,Kansas,20045.0,5974,31.0
2020-12-22,Douglas,Kansas,20045.0,6018,31.0
2020-12-23,Douglas,Kansas,20045.0,6079,31.0
2020-12-24,Douglas,Kansas,20045.0,6146,31.0
2020-12-25,Douglas,Kansas,20045.0,6146,31.0
2020-12-26,Douglas,Kansas,20045.0,6146,31.0
2020-12-27,Douglas,Kansas,20045.0,6146,31.0
2020-12-28,Douglas,Kansas,20045.0,6292,32.0
2020-12-29,Douglas,Kansas,20045.0,6371,32.0
2020-12-30,Douglas,Kansas,20045.0,6428,34.0
2020-12-31,Douglas,Kansas,20045.0,6482,34.0
2021-01-01,Douglas,Kansas,20045.0,6482,34.0
2021-01-02,Douglas,Kansas,20045.0,6482,34.0
2021-01-03,Douglas,Kansas,20045.0,6482,34.0
2021-01-04,Douglas,Kansas,20045.0,6713,35.0
2021-01-05,Douglas,Kansas,20045.0,6787,35.0
2021-01-06,Douglas,Kansas,20045.0,6887,35.0
2021-01-07,Douglas,Kansas,20045.0,6974,36.0
2021-01-08,Douglas,Kansas,20045.0,7046,36.0
2021-01-09,Douglas,Kansas,20045.0,7046,36.0
2021-01-10,Douglas,Kansas,20045.0,7046,36.0
2021-01-11,Douglas,Kansas,20045.0,7233,36.0
2021-01-12,Douglas,Kansas,20045.0,7287,36.0
2021-01-13,Douglas,Kansas,20045.0,7373,36.0
2021-01-14,Douglas,Kansas,20045.0,7440,36.0
2021-01-15,Douglas,Kansas,20045.0,7470,36.0
2021-01-16,Douglas,Kansas,20045.0,7470,36.0
2021-01-17,Douglas,Kansas,20045.0,7470,36.0
2021-01-18,Douglas,Kansas,20045.0,7470,36.0
2021-01-19,Douglas,Kansas,20045.0,7617,36.0
2021-01-20,Douglas,Kansas,20045.0,7617,36.0
2021-01-21,Douglas,Kansas,20045.0,7791,36.0
2021-01-22,Douglas,Kansas,20045.0,7818,36.0
2021-01-23,Douglas,Kansas,20045.0,7818,36.0
2021-01-24,Douglas,Kansas,20045.0,7818,36.0
2021-01-25,Douglas,Kansas,20045.0,7892,36.0
2021-01-26,Douglas,Kansas,20045.0,7944,36.0
2021-01-27,Douglas,Kansas,20045.0,7944,36.0
2021-01-28,Douglas,Kansas,20045.0,8005,64.0
2021-01-29,Douglas,Kansas,20045.0,8005,64.0
2021-01-30,Douglas,Kansas,20045.0,8005,64.0
2021-01-31,Douglas,Kansas,20045.0,8005,64.0
2021-02-01,Douglas,Kansas,20045.0,8096,64.0
2021-02-02,Douglas,Kansas,20045.0,8238,64.0
2021-02-03,Douglas,Kansas,20045.0,8238,64.0
2021-02-04,Douglas,Kansas,20045.0,8276,66.0
2021-02-05,Douglas,Kansas,20045.0,8298,66.0
2021-02-06,Douglas,Kansas,20045.0,8298,66.0
2021-02-07,Douglas,Kansas,20045.0,8298,66.0
2021-02-08,Douglas,Kansas,20045.0,8346,70.0
2021-02-09,Douglas,Kansas,20045.0,8346,70.0
2021-02-10,Douglas,Kansas,20045.0,8346,70.0
2021-02-11,Douglas,Kansas,20045.0,8409,76.0
2021-02-12,Douglas,Kansas,20045.0,8424,71.0
2021-02-13,Douglas,Kansas,20045.0,8424,71.0
2021-02-14,Douglas,Kansas,20045.0,8424,71.0
2021-02-15,Douglas,Kansas,20045.0,8490,71.0
2021-02-16,Douglas,Kansas,20045.0,8505,71.0
2021-02-17,Douglas,Kansas,20045.0,8505,71.0
2021-02-18,Douglas,Kansas,20045.0,8533,71.0
2021-02-19,Douglas,Kansas,20045.0,8548,71.0
2021-02-20,Douglas,Kansas,20045.0,8548,71.0
2021-02-21,Douglas,Kansas,20045.0,8548,71.0
2021-02-22,Douglas,Kansas,20045.0,8570,76.0
2021-02-23,Douglas,Kansas,20045.0,8581,76.0
2021-02-24,Douglas,Kansas,20045.0,8581,76.0
2021-02-25,Douglas,Kansas,20045.0,8606,76.0
2021-02-26,Douglas,Kansas,20045.0,8606,76.0
2021-02-27,Douglas,Kansas,20045.0,8606,76.0
2021-02-28,Douglas,Kansas,20045.0,8606,76.0
2021-03-01,Douglas,Kansas,20045.0,8644,78.0
2021-03-02,Douglas,Kansas,20045.0,8653,78.0
2021-03-03,Douglas,Kansas,20045.0,8653,78.0
2021-03-04,Douglas,Kansas,20045.0,8679,79.0
2021-03-05,Douglas,Kansas,20045.0,8679,79.0
2021-03-06,Douglas,Kansas,20045.0,8679,79.0
2021-03-07,Douglas,Kansas,20045.0,8679,79.0
2021-03-08,Douglas,Kansas,20045.0,8733,79.0
2021-03-09,Douglas,Kansas,20045.0,8735,79.0
2021-03-10,Douglas,Kansas,20045.0,8735,79.0
2021-03-11,Douglas,Kansas,20045.0,8761,79.0
2021-03-12,Douglas,Kansas,20045.0,8761,79.0
2021-03-13,Douglas,Kansas,20045.0,8761,79.0
2021-03-14,Douglas,Kansas,20045.0,8761,79.0
2021-03-15,Douglas,Kansas,20045.0,8792,79.0
2021-03-16,Douglas,Kansas,20045.0,8799,79.0
2021-03-17,Douglas,Kansas,20045.0,8799,79.0
2021-03-18,Douglas,Kansas,20045.0,8812,80.0
2021-03-19,Douglas,Kansas,20045.0,8812,80.0
2021-03-20,Douglas,Kansas,20045.0,8812,80.0
2021-03-21,Douglas,Kansas,20045.0,8812,80.0
2021-03-22,Douglas,Kansas,20045.0,8812,80.0
2021-03-23,Douglas,Kansas,20045.0,8841,81.0
2021-03-24,Douglas,Kansas,20045.0,8841,81.0
2021-03-25,Douglas,Kansas,20045.0,8870,83.0
2021-03-26,Douglas,Kansas,20045.0,8870,83.0
2021-03-27,Douglas,Kansas,20045.0,8870,83.0
2021-03-28,Douglas,Kansas,20045.0,8870,83.0
2021-03-29,Douglas,Kansas,20045.0,8902,84.0
2021-03-30,Douglas,Kansas,20045.0,8922,84.0
2021-03-31,Douglas,Kansas,20045.0,8922,84.0
2021-04-01,Douglas,Kansas,20045.0,8944,86.0
2021-04-02,Douglas,Kansas,20045.0,8944,86.0
2021-04-03,Douglas,Kansas,20045.0,8944,86.0
2021-04-04,Douglas,Kansas,20045.0,8944,86.0
2021-04-05,Douglas,Kansas,20045.0,8971,86.0
2021-04-06,Douglas,Kansas,20045.0,8979,86.0
2021-04-07,Douglas,Kansas,20045.0,8979,86.0
2021-04-08,Douglas,Kansas,20045.0,8999,86.0
2021-04-09,Douglas,Kansas,20045.0,8999,86.0
2021-04-10,Douglas,Kansas,20045.0,8999,86.0
2021-04-11,Douglas,Kansas,20045.0,8999,86.0
2021-04-12,Douglas,Kansas,20045.0,9029,86.0
2021-04-13,Douglas,Kansas,20045.0,9029,86.0
2021-04-14,Douglas,Kansas,20045.0,9042,86.0
2021-04-15,Douglas,Kansas,20045.0,9042,86.0
2021-04-16,Douglas,Kansas,20045.0,9067,86.0
2021-04-17,Douglas,Kansas,20045.0,9067,86.0
2021-04-18,Douglas,Kansas,20045.0,9067,86.0
2021-04-19,Douglas,Kansas,20045.0,9104,87.0
2021-04-20,Douglas,Kansas,20045.0,9104,87.0
2021-04-21,Douglas,Kansas,20045.0,9131,87.0
2021-04-22,Douglas,Kansas,20045.0,9131,87.0
2021-04-23,Douglas,Kansas,20045.0,9152,87.0
2021-04-24,Douglas,Kansas,20045.0,9152,87.0
2021-04-25,Douglas,Kansas,20045.0,9152,87.0
2021-04-26,Douglas,Kansas,20045.0,9181,87.0
2021-04-27,Douglas,Kansas,20045.0,9181,87.0
2021-04-28,Douglas,Kansas,20045.0,9194,87.0
2021-04-29,Douglas,Kansas,20045.0,9194,87.0
2021-04-30,Douglas,Kansas,20045.0,9205,87.0
2021-05-01,Douglas,Kansas,20045.0,9205,87.0
2021-05-02,Douglas,Kansas,20045.0,9205,87.0
2021-05-03,Douglas,Kansas,20045.0,9216,87.0
2021-05-04,Douglas,Kansas,20045.0,9216,87.0
2021-05-05,Douglas,Kansas,20045.0,9226,87.0
2021-05-06,Douglas,Kansas,20045.0,9226,87.0
2021-05-07,Douglas,Kansas,20045.0,9236,87.0
2021-05-08,Douglas,Kansas,20045.0,9236,87.0
2021-05-09,Douglas,Kansas,20045.0,9236,87.0
2021-05-10,Douglas,Kansas,20045.0,9254,87.0
2021-05-11,Douglas,Kansas,20045.0,9254,87.0
2021-05-12,Douglas,Kansas,20045.0,9264,87.0
2021-05-13,Douglas,Kansas,20045.0,9264,87.0
2021-05-14,Douglas,Kansas,20045.0,9279,87.0
2021-05-15,Douglas,Kansas,20045.0,9279,87.0
2021-05-16,Douglas,Kansas,20045.0,9279,87.0
2021-05-17,Douglas,Kansas,20045.0,9287,87.0
2021-05-18,Douglas,Kansas,20045.0,9287,87.0
2021-05-19,Douglas,Kansas,20045.0,9300,87.0
2021-05-20,Douglas,Kansas,20045.0,9300,87.0
2021-05-21,Douglas,Kansas,20045.0,9313,87.0
2021-05-22,Douglas,Kansas,20045.0,9313,87.0
2021-05-23,Douglas,Kansas,20045.0,9313,87.0
2021-05-24,Douglas,Kansas,20045.0,9329,87.0
2021-05-25,Douglas,Kansas,20045.0,9329,87.0
2021-05-26,Douglas,Kansas,20045.0,9334,84.0
2021-05-27,Douglas,Kansas,20045.0,9334,84.0
2021-05-28,Douglas,Kansas,20045.0,9342,84.0
2021-05-29,Douglas,Kansas,20045.0,9342,84.0
2021-05-30,Douglas,Kansas,20045.0,9342,84.0
2021-05-31,Douglas,Kansas,20045.0,9342,84.0
2021-06-01,Douglas,Kansas,20045.0,9342,84.0
2021-06-02,Douglas,Kansas,20045.0,9342,84.0
2021-06-03,Douglas,Kansas,20045.0,9342,84.0
2021-06-04,Douglas,Kansas,20045.0,9360,84.0
2021-06-05,Douglas,Kansas,20045.0,9360,84.0
2021-06-06,Douglas,Kansas,20045.0,9360,84.0
2021-06-07,Douglas,Kansas,20045.0,9364,84.0
2021-06-08,Douglas,Kansas,20045.0,9364,84.0
2021-06-09,Douglas,Kansas,20045.0,9370,85.0
2021-06-10,Douglas,Kansas,20045.0,9370,85.0
2021-06-11,Douglas,Kansas,20045.0,9373,85.0
2021-06-12,Douglas,Kansas,20045.0,9373,85.0
2021-06-13,Douglas,Kansas,20045.0,9373,85.0
2021-06-14,Douglas,Kansas,20045.0,9373,85.0
2021-06-15,Douglas,Kansas,20045.0,9373,85.0
2021-06-16,Douglas,Kansas,20045.0,9373,85.0
2021-06-17,Douglas,Kansas,20045.0,9373,85.0
2021-06-18,Douglas,Kansas,20045.0,9373,85.0
2021-06-19,Douglas,Kansas,20045.0,9373,85.0
2021-06-20,Douglas,Kansas,20045.0,9373,85.0
2021-06-21,Douglas,Kansas,20045.0,9376,85.0
2021-06-22,Douglas,Kansas,20045.0,9376,85.0
2021-06-23,Douglas,Kansas,20045.0,9379,85.0
2021-06-24,Douglas,Kansas,20045.0,9379,85.0
2021-06-25,Douglas,Kansas,20045.0,9382,85.0
2021-06-26,Douglas,Kansas,20045.0,9382,85.0
2021-06-27,Douglas,Kansas,20045.0,9382,85.0
2021-06-28,Douglas,Kansas,20045.0,9389,85.0
2021-06-29,Douglas,Kansas,20045.0,9389,85.0
2021-06-30,Douglas,Kansas,20045.0,9391,85.0
2021-07-01,Douglas,Kansas,20045.0,9391,85.0
2021-07-02,Douglas,Kansas,20045.0,9408,85.0
2021-07-03,Douglas,Kansas,20045.0,9408,85.0
2021-07-04,Douglas,Kansas,20045.0,9408,85.0
2021-07-05,Douglas,Kansas,20045.0,9408,85.0
2021-07-06,Douglas,Kansas,20045.0,9419,85.0
2021-07-07,Douglas,Kansas,20045.0,9430,85.0
2021-07-08,Douglas,Kansas,20045.0,9430,85.0
2021-07-09,Douglas,Kansas,20045.0,9448,85.0
2021-07-10,Douglas,Kansas,20045.0,9448,85.0
2021-07-11,Douglas,Kansas,20045.0,9448,85.0
2021-07-12,Douglas,Kansas,20045.0,9458,85.0
2021-07-13,Douglas,Kansas,20045.0,9458,85.0
2021-07-14,Douglas,Kansas,20045.0,9489,85.0
2021-07-15,Douglas,Kansas,20045.0,9489,85.0
2021-07-16,Douglas,Kansas,20045.0,9511,85.0
2021-07-17,Douglas,Kansas,20045.0,9511,85.0
2021-07-18,Douglas,Kansas,20045.0,9511,85.0
2021-07-19,Douglas,Kansas,20045.0,9549,85.0
2021-07-20,Douglas,Kansas,20045.0,9549,85.0
2021-07-21,Douglas,Kansas,20045.0,9581,85.0
2021-07-22,Douglas,Kansas,20045.0,9581,85.0
2021-07-23,Douglas,Kansas,20045.0,9642,85.0
2021-07-24,Douglas,Kansas,20045.0,9642,85.0
2021-07-25,Douglas,Kansas,20045.0,9642,85.0
2021-07-26,Douglas,Kansas,20045.0,9685,85.0
2021-07-27,Douglas,Kansas,20045.0,9685,85.0
2021-07-28,Douglas,Kansas,20045.0,9745,83.0
2021-07-29,Douglas,Kansas,20045.0,9745,83.0
2021-07-30,Douglas,Kansas,20045.0,9745,83.0
2021-07-31,Douglas,Kansas,20045.0,9766,83.0
2021-08-01,Douglas,Kansas,20045.0,9766,83.0
2021-08-02,Douglas,Kansas,20045.0,9842,83.0
2021-08-03,Douglas,Kansas,20045.0,9842,83.0
2021-08-04,Douglas,Kansas,20045.0,9937,84.0
2021-08-05,Douglas,Kansas,20045.0,9937,84.0
2021-08-06,Douglas,Kansas,20045.0,9994,84.0
2021-08-07,Douglas,Kansas,20045.0,9994,84.0
2021-08-08,Douglas,Kansas,20045.0,9994,84.0
2021-08-09,Douglas,Kansas,20045.0,10070,84.0
2021-08-10,Douglas,Kansas,20045.0,10070,84.0
2021-08-11,Douglas,Kansas,20045.0,10165,84.0
2021-08-12,Douglas,Kansas,20045.0,10165,84.0
2021-08-13,Douglas,Kansas,20045.0,10267,84.0
2021-08-14,Douglas,Kansas,20045.0,10267,84.0
2021-08-15,Douglas,Kansas,20045.0,10267,84.0
2021-08-16,Douglas,Kansas,20045.0,10345,84.0
2021-08-17,Douglas,Kansas,20045.0,10345,84.0
2021-08-18,Douglas,Kansas,20045.0,10411,84.0
2021-08-19,Douglas,Kansas,20045.0,10411,84.0
2021-08-20,Douglas,Kansas,20045.0,10411,89.0
2021-08-21,Douglas,Kansas,20045.0,10411,89.0
2021-08-22,Douglas,Kansas,20045.0,10463,89.0
2021-08-23,Douglas,Kansas,20045.0,10544,89.0
2021-08-24,Douglas,Kansas,20045.0,10544,89.0
2021-08-25,Douglas,Kansas,20045.0,10641,89.0
2021-08-26,Douglas,Kansas,20045.0,10641,89.0
2021-08-27,Douglas,Kansas,20045.0,10641,89.0
2021-08-28,Douglas,Kansas,20045.0,10641,89.0
2021-08-29,Douglas,Kansas,20045.0,10719,89.0
2021-08-30,Douglas,Kansas,20045.0,10781,89.0
2021-08-31,Douglas,Kansas,20045.0,10781,89.0
2021-09-01,Douglas,Kansas,20045.0,10918,90.0
2021-09-02,Douglas,Kansas,20045.0,10918,90.0
2021-09-03,Douglas,Kansas,20045.0,11002,90.0
2021-09-04,Douglas,Kansas,20045.0,11002,90.0
2021-09-05,Douglas,Kansas,20045.0,11002,90.0
2021-09-06,Douglas,Kansas,20045.0,11002,90.0
2021-09-07,Douglas,Kansas,20045.0,11002,90.0
2021-09-08,Douglas,Kansas,20045.0,11177,93.0
2021-09-09,Douglas,Kansas,20045.0,11177,93.0
2021-09-10,Douglas,Kansas,20045.0,11301,94.0
2021-09-11,Douglas,Kansas,20045.0,11301,94.0
2021-09-12,Douglas,Kansas,20045.0,11301,94.0
2021-09-13,Douglas,Kansas,20045.0,11371,94.0
2021-09-14,Douglas,Kansas,20045.0,11371,94.0
2021-09-15,Douglas,Kansas,20045.0,11485,95.0
2021-09-16,Douglas,Kansas,20045.0,11485,95.0
2021-09-17,Douglas,Kansas,20045.0,11543,95.0
2021-09-18,Douglas,Kansas,20045.0,11543,95.0
2021-09-19,Douglas,Kansas,20045.0,11543,95.0
2021-09-20,Douglas,Kansas,20045.0,11608,97.0
2021-09-21,Douglas,Kansas,20045.0,11608,97.0
2021-09-22,Douglas,Kansas,20045.0,11650,97.0
2021-09-23,Douglas,Kansas,20045.0,11650,97.0
2021-09-24,Douglas,Kansas,20045.0,11716,98.0
2021-09-25,Douglas,Kansas,20045.0,11716,98.0
2021-09-26,Douglas,Kansas,20045.0,11716,98.0
2021-09-27,Douglas,Kansas,20045.0,11774,98.0
2021-09-28,Douglas,Kansas,20045.0,11774,98.0
2021-09-29,Douglas,Kansas,20045.0,11841,99.0
2021-09-30,Douglas,Kansas,20045.0,11841,99.0
2021-10-01,Douglas,Kansas,20045.0,11904,99.0
2021-10-02,Douglas,Kansas,20045.0,11904,99.0
2021-10-03,Douglas,Kansas,20045.0,11904,99.0
2021-10-04,Douglas,Kansas,20045.0,11959,99.0
2021-10-05,Douglas,Kansas,20045.0,11959,99.0
2021-10-06,Douglas,Kansas,20045.0,12037,99.0
2021-10-07,Douglas,Kansas,20045.0,12037,99.0
2021-10-08,Douglas,Kansas,20045.0,12102,100.0
2021-10-09,Douglas,Kansas,20045.0,12102,100.0
2021-10-10,Douglas,Kansas,20045.0,12102,100.0
2021-10-11,Douglas,Kansas,20045.0,12145,100.0
2021-10-12,Douglas,Kansas,20045.0,12145,100.0
2021-10-13,Douglas,Kansas,20045.0,12162,101.0
2021-10-14,Douglas,Kansas,20045.0,12162,101.0
2021-10-15,Douglas,Kansas,20045.0,12244,101.0
2021-10-16,Douglas,Kansas,20045.0,12244,101.0
2021-10-17,Douglas,Kansas,20045.0,12244,101.0
2021-10-18,Douglas,Kansas,20045.0,12281,101.0
2021-10-19,Douglas,Kansas,20045.0,12281,101.0
2021-10-20,Douglas,Kansas,20045.0,12335,101.0
2021-10-21,Douglas,Kansas,20045.0,12335,101.0
2021-10-22,Douglas,Kansas,20045.0,12335,102.0
2021-10-23,Douglas,Kansas,20045.0,12335,102.0
2021-10-24,Douglas,Kansas,20045.0,12335,102.0
2021-10-25,Douglas,Kansas,20045.0,12437,102.0
2021-10-26,Douglas,Kansas,20045.0,12437,102.0
2021-10-27,Douglas,Kansas,20045.0,12488,103.0
2021-10-28,Douglas,Kansas,20045.0,12488,103.0
2021-10-29,Douglas,Kansas,20045.0,12532,103.0
2021-10-30,Douglas,Kansas,20045.0,12532,103.0
2021-10-31,Douglas,Kansas,20045.0,12532,103.0
2021-11-01,Douglas,Kansas,20045.0,12564,103.0
2021-11-02,Douglas,Kansas,20045.0,12564,103.0
2021-11-03,Douglas,Kansas,20045.0,12605,103.0
2021-11-04,Douglas,Kansas,20045.0,12605,103.0
2021-11-05,Douglas,Kansas,20045.0,12654,105.0
2021-11-06,Douglas,Kansas,20045.0,12654,105.0
2021-11-07,Douglas,Kansas,20045.0,12654,105.0
2021-11-08,Douglas,Kansas,20045.0,12703,105.0
2021-11-09,Douglas,Kansas,20045.0,12703,105.0
2021-11-10,Douglas,Kansas,20045.0,12750,105.0
2021-11-11,Douglas,Kansas,20045.0,12750,105.0
2021-11-12,Douglas,Kansas,20045.0,12800,105.0
2021-11-13,Douglas,Kansas,20045.0,12800,105.0
2021-11-14,Douglas,Kansas,20045.0,12800,105.0
2021-11-15,Douglas,Kansas,20045.0,12839,105.0
2021-11-16,Douglas,Kansas,20045.0,12839,105.0
2021-11-17,Douglas,Kansas,20045.0,12908,105.0
2021-11-18,Douglas,Kansas,20045.0,12908,105.0
2021-11-19,Douglas,Kansas,20045.0,12908,105.0
2021-11-20,Douglas,Kansas,20045.0,12908,105.0
2021-11-21,Douglas,Kansas,20045.0,12908,105.0
2021-11-22,Douglas,Kansas,20045.0,13023,105.0
2021-11-23,Douglas,Kansas,20045.0,13023,105.0
2021-11-24,Douglas,Kansas,20045.0,13074,106.0
2021-11-25,Douglas,Kansas,20045.0,13074,106.0
2021-11-26,Douglas,Kansas,20045.0,13074,106.0
2021-11-27,Douglas,Kansas,20045.0,13074,106.0
2021-11-28,Douglas,Kansas,20045.0,13074,106.0
2021-11-29,Douglas,Kansas,20045.0,13160,106.0
2021-11-30,Douglas,Kansas,20045.0,13160,106.0
2021-12-01,Douglas,Kansas,20045.0,13160,106.0
2021-12-02,Douglas,Kansas,20045.0,13263,106.0
2021-12-03,Douglas,Kansas,20045.0,13263,106.0
2021-12-04,Douglas,Kansas,20045.0,13263,106.0
2021-12-05,Douglas,Kansas,20045.0,13361,106.0
2021-12-06,Douglas,Kansas,20045.0,13488,106.0
2021-12-07,Douglas,Kansas,20045.0,13488,106.0
2021-12-08,Douglas,Kansas,20045.0,13565,106.0
2021-12-09,Douglas,Kansas,20045.0,13565,106.0
2021-12-10,Douglas,Kansas,20045.0,13647,107.0
2021-12-11,Douglas,Kansas,20045.0,13647,107.0
2021-12-12,Douglas,Kansas,20045.0,13647,107.0
2021-12-13,Douglas,Kansas,20045.0,13757,107.0
2021-12-14,Douglas,Kansas,20045.0,13757,107.0
2021-12-15,Douglas,Kansas,20045.0,13885,109.0
2021-12-16,Douglas,Kansas,20045.0,13885,109.0
2021-12-17,Douglas,Kansas,20045.0,14016,109.0
2021-12-18,Douglas,Kansas,20045.0,14016,109.0
2021-12-19,Douglas,Kansas,20045.0,14016,109.0
2021-12-20,Douglas,Kansas,20045.0,14081,109.0
2021-12-21,Douglas,Kansas,20045.0,14081,109.0
2021-12-22,Douglas,Kansas,20045.0,14289,111.0
2021-12-23,Douglas,Kansas,20045.0,14289,111.0
2021-12-24,Douglas,Kansas,20045.0,14289,111.0
2021-12-25,Douglas,Kansas,20045.0,14289,111.0
2021-12-26,Douglas,Kansas,20045.0,14289,111.0
2021-12-27,Douglas,Kansas,20045.0,14289,111.0
2021-12-28,Douglas,Kansas,20045.0,14289,111.0
2021-12-29,Douglas,Kansas,20045.0,14853,111.0
2021-12-30,Douglas,Kansas,20045.0,14853,111.0
2021-12-31,Douglas,Kansas,20045.0,14853,111.0
2022-01-01,Douglas,Kansas,20045.0,14853,111.0
2022-01-02,Douglas,Kansas,20045.0,14853,111.0
2022-01-03,Douglas,Kansas,20045.0,15394,111.0
2022-01-04,Douglas,Kansas,20045.0,15394,111.0
2022-01-05,Douglas,Kansas,20045.0,16120,112.0
2022-01-06,Douglas,Kansas,20045.0,16120,112.0
2022-01-07,Douglas,Kansas,20045.0,16906,112.0
2022-01-08,Douglas,Kansas,20045.0,16906,112.0
2022-01-09,Douglas,Kansas,20045.0,16906,112.0
2022-01-10,Douglas,Kansas,20045.0,17690,113.0
2022-01-11,Douglas,Kansas,20045.0,17690,113.0
2022-01-12,Douglas,Kansas,20045.0,18582,116.0
2022-01-13,Douglas,Kansas,20045.0,18582,116.0
2022-01-14,Douglas,Kansas,20045.0,19418,116.0
2022-01-15,Douglas,Kansas,20045.0,19418,116.0
2022-01-16,Douglas,Kansas,20045.0,19418,116.0
2022-01-17,Douglas,Kansas,20045.0,19418,116.0
2022-01-18,Douglas,Kansas,20045.0,19418,116.0
2022-01-19,Douglas,Kansas,20045.0,20824,118.0
2022-01-20,Douglas,Kansas,20045.0,20824,118.0
2022-01-21,Douglas,Kansas,20045.0,21646,119.0
2022-01-22,Douglas,Kansas,20045.0,21646,119.0
2022-01-23,Douglas,Kansas,20045.0,21646,119.0
2022-01-24,Douglas,Kansas,20045.0,22048,120.0
2022-01-25,Douglas,Kansas,20045.0,22048,120.0
2022-01-26,Douglas,Kansas,20045.0,22638,122.0
2022-01-27,Douglas,Kansas,20045.0,22638,122.0
2022-01-28,Douglas,Kansas,20045.0,23109,125.0
2022-01-29,Douglas,Kansas,20045.0,23109,125.0
2022-01-30,Douglas,Kansas,20045.0,23109,125.0
2022-01-31,Douglas,Kansas,20045.0,23339,125.0
2022-02-01,Douglas,Kansas,20045.0,23339,125.0
2022-02-02,Douglas,Kansas,20045.0,23767,128.0
2022-02-03,Douglas,Kansas,20045.0,23767,128.0
2022-02-04,Douglas,Kansas,20045.0,23995,129.0
2022-02-05,Douglas,Kansas,20045.0,23995,129.0
2022-02-06,Douglas,Kansas,20045.0,23995,129.0
2022-02-07,Douglas,Kansas,20045.0,24211,129.0
2022-02-08,Douglas,Kansas,20045.0,24211,129.0
2022-02-09,Douglas,Kansas,20045.0,24459,129.0
2022-02-10,Douglas,Kansas,20045.0,24459,129.0
2022-02-11,Douglas,Kansas,20045.0,24630,129.0
2022-02-12,Douglas,Kansas,20045.0,24630,129.0
2022-02-13,Douglas,Kansas,20045.0,24630,129.0
